City_ID,City,Country,Date,Lat,Lng,Max Temp,Humidity,Cloudiness,Wind Speed
0,Tolaga Bay,NZ,2021-01-30 23:01:37,-38.3667,178.3,62.28,72,94,11.36
1,Asau,RO,2021-01-30 23:01:36,46.4333,26.4,43.0,70,0,10.36
2,Beringovskiy,RU,2021-01-30 23:01:37,63.05,179.3167,8.2,95,100,26.42
3,Hilo,US,2021-01-30 22:57:47,19.7297,-155.09,78.8,61,1,5.75
4,Nabire,ID,2021-01-30 23:10:00,-3.3667,135.4833,77.43,88,100,2.73
5,Port Alfred,ZA,2021-01-30 23:01:38,-33.5906,26.891,64.0,92,20,1.86
6,Taoudenni,ML,2021-01-30 23:06:53,22.6783,-3.9836,69.51,22,0,10.74
7,Norman Wells,CA,2021-01-30 23:02:01,65.282,-126.8329,-25.6,68,40,3.44
8,San Nicolas,PH,2021-01-30 23:11:01,18.1725,120.5953,66.2,72,75,3.44
9,Galle,LK,2021-01-30 23:09:12,6.0367,80.217,77.31,85,95,3.49
10,Busselton,AU,2021-01-30 23:00:28,-33.65,115.3333,64.99,78,0,3.0
11,Port Lincoln,AU,2021-01-30 23:02:36,-34.7333,135.8667,63.66,71,2,17.07
12,Srednekolymsk,RU,2021-01-30 23:02:01,67.45,153.6833,-33.02,84,100,3.29
13,Ancud,CL,2021-01-30 23:07:11,-41.8697,-73.8203,62.6,55,0,6.91
14,Ushuaia,AR,2021-01-30 22:59:45,-54.8,-68.3,51.8,62,20,25.32
15,Vaini,TO,2021-01-30 23:01:38,-21.2,-175.2,82.4,83,75,6.91
16,Carnarvon,AU,2021-01-30 23:02:00,-24.8667,113.6333,80.6,94,6,5.12
17,Vardo,NO,2021-01-30 23:01:37,70.3705,31.1107,25.41,96,100,20.15
18,Tiznit,MA,2021-01-30 23:02:33,29.5833,-9.5,55.71,89,48,4.85
19,Albany,US,2021-01-30 22:58:19,42.6001,-73.9662,18.0,55,14,8.01
20,Mar Del Plata,AR,2021-01-30 23:02:14,-38.0023,-57.5575,63.0,59,75,18.41
21,Narsaq,GL,2021-01-30 23:01:55,60.9167,-46.05,39.2,30,75,36.82
22,Ribeira Grande,PT,2021-01-30 23:01:47,38.5167,-28.7,63.14,90,56,22.77
23,Cabedelo,BR,2021-01-30 23:08:45,-6.9811,-34.8339,78.8,83,20,6.91
24,Manavgat,TR,2021-01-30 23:11:03,36.7867,31.4431,53.01,76,40,12.66
25,Leningradskiy,RU,2021-01-30 23:01:41,69.3833,178.4167,-27.31,81,0,3.65
26,Asyut,EG,2021-01-30 23:11:04,27.181,31.1837,50.0,62,0,4.61
27,Qaanaaq,GL,2021-01-30 23:01:54,77.484,-69.3632,-4.22,72,100,1.72
28,Dunedin,NZ,2021-01-30 22:57:58,-45.8742,170.5036,62.01,69,28,18.01
29,Punta Arenas,CL,2021-01-30 23:01:07,-53.15,-70.9167,55.4,58,0,21.85
30,Rikitea,PF,2021-01-30 23:01:37,-23.1203,-134.9692,79.16,74,2,11.18
31,Miles City,US,2021-01-30 23:03:24,46.4083,-105.8406,30.2,86,90,9.22
32,Mahibadhoo,MV,2021-01-30 23:11:05,3.7833,72.9667,80.58,78,23,14.29
33,Havoysund,NO,2021-01-30 23:11:05,70.9963,24.6622,26.6,80,75,10.36
34,Tiksi,RU,2021-01-30 23:01:44,71.6872,128.8694,-28.16,86,100,5.03
35,Aksu,CN,2021-01-30 23:02:02,41.1231,80.2644,17.33,83,0,3.62
36,Lakota,CI,2021-01-30 23:11:06,5.8528,-5.6883,74.82,92,100,4.52
37,Avarua,CK,2021-01-30 23:01:37,-21.2078,-159.775,78.8,78,75,5.75
38,Odienne,CI,2021-01-30 23:11:06,9.51,-7.5692,74.66,19,78,2.24
39,Charleston,US,2021-01-30 23:06:39,32.7766,-79.9309,48.2,66,1,8.05
40,Hobart,AU,2021-01-30 22:59:59,-42.8794,147.3294,69.01,48,20,11.5
41,Camabatela,AO,2021-01-30 23:11:07,-8.1881,15.375,62.04,100,100,3.6
42,Clyde River,CA,2021-01-30 23:02:00,70.4692,-68.5914,-18.4,76,1,7.31
43,Barrow,US,2021-01-30 22:59:57,71.2906,-156.7887,-9.4,70,90,9.22
44,Puerto Ayora,EC,2021-01-30 23:01:42,-0.7393,-90.3518,84.2,70,0,12.66
45,Doha,QA,2021-01-30 23:06:48,25.2867,51.5333,66.2,63,0,11.5
46,Bluff,NZ,2021-01-30 23:01:47,-46.6,168.3333,57.16,67,100,0.98
47,Upernavik,GL,2021-01-30 23:02:06,72.7868,-56.1549,-9.83,84,26,6.22
48,Wawa,NG,2021-01-30 23:11:08,9.9022,4.4192,80.47,18,0,8.41
49,Jamestown,US,2021-01-30 23:01:30,42.097,-79.2353,19.0,73,1,1.63
50,Hermanus,ZA,2021-01-30 23:01:49,-34.4187,19.2345,66.99,85,3,9.48
51,Provideniya,RU,2021-01-30 23:01:53,64.3833,-173.3,-12.08,83,84,11.72
52,Muros,ES,2021-01-30 22:57:15,42.7762,-9.0603,55.99,76,100,5.01
53,Atuona,PF,2021-01-30 22:57:06,-9.8,-139.0333,78.93,76,28,19.55
54,San Quintin,MX,2021-01-30 23:01:28,30.4833,-115.95,60.87,59,0,11.25
55,Morehead,US,2021-01-30 23:11:09,37.2711,-87.1764,45.0,56,90,10.36
56,San Patricio,US,2021-01-30 23:01:47,28.017,-97.5169,84.2,58,40,14.97
57,Namibe,AO,2021-01-30 23:08:57,-15.1961,12.1522,73.2,77,67,8.52
58,Upington,ZA,2021-01-30 23:11:09,-28.4478,21.2561,68.0,28,0,3.44
59,Airai,TL,2021-01-30 23:01:39,-8.9266,125.4092,61.66,100,100,5.35
60,Abu Samrah,SY,2021-01-30 23:09:28,35.3029,37.1841,49.23,67,98,13.56
61,Mealhada,PT,2021-01-30 23:11:09,40.3781,-8.4499,55.99,86,63,3.0
62,Saint-Pierre,RE,2021-01-30 23:07:24,-21.3393,55.4781,78.8,65,0,6.91
63,Butaritari,KI,2021-01-30 23:01:06,3.0707,172.7902,81.16,77,67,17.87
64,Kasamwa,TZ,2021-01-30 23:09:10,-2.85,32.4333,65.07,82,77,2.37
65,Tasiilaq,GL,2021-01-30 23:01:45,65.6145,-37.6368,21.2,35,90,17.27
66,Berdigestyakh,RU,2021-01-30 23:08:40,62.0989,126.6992,-45.81,76,75,1.28
67,Vila Velha,BR,2021-01-30 22:58:16,-20.3297,-40.2925,80.6,74,0,13.8
68,Kodiak,US,2021-01-30 23:01:48,57.79,-152.4072,33.8,55,1,23.02
69,Yellowknife,CA,2021-01-30 23:01:40,62.456,-114.3525,-9.99,77,75,4.61
70,Mae Sai,TH,2021-01-30 23:11:11,20.4335,99.8762,66.2,100,20,3.44
71,Taonan,CN,2021-01-30 23:11:11,45.3333,122.7833,-4.99,89,100,6.85
72,Saint-Philippe,RE,2021-01-30 23:01:47,-21.3585,55.7679,78.8,65,0,6.91
73,Cape Town,ZA,2021-01-30 22:57:17,-33.9258,18.4232,72.0,77,75,1.14
74,Kapaa,US,2021-01-30 23:01:40,22.0752,-159.319,78.8,65,75,16.11
75,Thessalon,CA,2021-01-30 23:11:12,46.2501,-83.5666,21.2,68,1,9.28
76,Council Bluffs,US,2021-01-30 23:11:01,41.2619,-95.8608,34.0,93,90,20.71
77,Kloulklubed,PW,2021-01-30 23:07:02,7.0419,134.2556,82.4,74,75,9.22
78,Touros,BR,2021-01-30 23:02:22,-5.1989,-35.4608,80.6,78,0,8.05
79,Kaitangata,NZ,2021-01-30 22:59:58,-46.2817,169.8464,61.0,79,68,11.01
80,Constanza,DE,2021-01-30 23:11:13,47.6603,9.1758,43.0,95,100,4.0
81,Dhidhdhoo,MV,2021-01-30 23:11:13,6.8833,73.1,81.14,66,3,7.54
82,Mahebourg,MU,2021-01-30 23:01:07,-20.4081,57.7,78.8,89,40,11.72
83,Port Hedland,AU,2021-01-30 23:06:36,-20.3167,118.5667,82.4,74,83,5.75
84,Salina Cruz,MX,2021-01-30 23:11:14,16.1667,-95.2,85.66,51,61,11.79
85,Mataura,NZ,2021-01-30 22:57:27,-46.1927,168.8643,66.97,44,90,2.44
86,Lubao,PH,2021-01-30 23:11:14,14.9167,120.55,71.6,82,75,2.3
87,Nanpara,IN,2021-01-30 23:11:15,27.8667,81.5,43.75,63,0,1.61
88,Port Macquarie,AU,2021-01-30 23:02:27,-31.4333,152.9167,82.99,71,53,1.01
89,Bilibino,RU,2021-01-30 23:02:21,68.0546,166.4372,-28.23,79,1,5.77
90,Esmeralda,CU,2021-01-30 23:11:15,21.8525,-78.1169,73.4,60,20,14.97
91,Petrozavodsk,RU,2021-01-30 23:07:22,61.7849,34.3469,23.0,93,95,4.47
92,Bouafle,CI,2021-01-30 23:10:03,6.9904,-5.7442,77.0,83,87,5.35
93,Nhulunbuy,AU,2021-01-30 23:11:16,-12.2333,136.7667,82.4,78,84,8.05
94,Lagoa,PT,2021-01-30 23:01:52,39.05,-27.9833,61.93,92,73,27.31
95,Lebu,CL,2021-01-30 23:02:38,-37.6167,-73.65,59.4,77,2,12.82
96,Tabou,CI,2021-01-30 23:11:17,4.423,-7.3528,78.53,88,68,7.29
97,Coquimbo,CL,2021-01-30 23:02:26,-29.9533,-71.3436,66.2,82,75,9.22
98,Severo-Kurilsk,RU,2021-01-30 22:56:55,50.6789,156.125,24.8,95,96,29.04
99,Nikolskoye,RU,2021-01-30 22:56:47,59.7035,30.7861,26.6,93,75,6.71
100,Chokurdakh,RU,2021-01-30 23:01:53,70.6333,147.9167,-29.83,85,31,7.78
101,Abay,KZ,2021-01-30 23:11:17,49.6311,72.8539,12.2,73,0,6.71
102,Vilhena,BR,2021-01-30 23:06:57,-12.7406,-60.1458,75.2,88,20,3.44
103,Castro,BR,2021-01-30 22:57:03,-24.7911,-50.0119,65.77,97,100,1.68
104,Krasnyy Kut,RU,2021-01-30 23:11:18,50.95,46.9667,24.91,96,100,9.8
105,Nayoro,JP,2021-01-30 23:11:18,44.3506,142.4578,17.62,95,100,0.87
106,Georgetown,MY,2021-01-30 22:57:50,5.4112,100.3354,77.0,83,20,3.44
107,Saint George,US,2021-01-30 23:01:42,37.1041,-113.5841,52.0,49,1,1.48
108,Souillac,MU,2021-01-30 23:01:48,-20.5167,57.5167,78.8,89,40,10.38
109,Manyana,BW,2021-01-30 23:01:25,-23.4,21.7167,74.95,56,96,5.82
110,Mount Gambier,AU,2021-01-30 23:02:10,-37.8333,140.7667,60.8,77,0,8.05
111,Phan Thiet,VN,2021-01-30 23:06:54,10.9333,108.1,69.35,75,100,4.94
112,Andenes,NO,2021-01-30 23:07:03,69.3143,16.1194,24.8,68,37,9.22
113,Bereda,ES,2021-01-30 23:08:26,43.2686,-7.5406,48.0,94,100,8.99
114,Marzuq,YE,2021-01-30 23:02:06,14.4,46.4667,59.13,53,0,0.47
115,Calbuco,CL,2021-01-30 23:11:18,-41.768,-73.1273,64.4,52,0,11.5
116,Bambous Virieux,MU,2021-01-30 23:06:43,-20.3428,57.7575,78.8,89,40,11.7
117,Rawson,AR,2021-01-30 23:07:28,-43.3002,-65.1023,61.7,54,3,17.54
118,Shubarkuduk,KZ,2021-01-30 23:08:24,49.1447,56.4872,16.0,94,23,8.25
119,Hasaki,JP,2021-01-30 23:06:25,35.7333,140.8333,30.2,69,20,4.61
120,Sidi Ali,DZ,2021-01-30 23:11:20,36.0998,0.4206,56.3,83,93,20.15
121,Beloha,MG,2021-01-30 23:07:26,-25.1667,45.05,76.05,78,14,3.89
122,Cherskiy,RU,2021-01-30 23:01:38,68.75,161.3,-37.23,82,3,2.1
123,Marck,FR,2021-01-30 23:11:20,50.949,1.9433,35.01,78,100,4.0
124,Mareeba,AU,2021-01-30 23:11:21,-17.0,145.4333,86.0,69,100,2.3
125,Dikson,RU,2021-01-30 23:02:02,73.5069,80.5464,-35.52,80,0,7.65
126,Fort Morgan,US,2021-01-30 23:11:21,40.2503,-103.8,50.0,29,1,21.85
127,Jieshi,CN,2021-01-30 23:11:22,22.8134,115.8257,56.5,82,0,13.22
128,San Lorenzo,PY,2021-01-30 23:11:22,-25.3333,-57.5333,87.8,70,75,2.3
129,Vila Franca Do Campo,PT,2021-01-30 23:07:11,37.7167,-25.4333,62.01,100,20,16.11
130,Lorengau,PG,2021-01-30 23:01:12,-2.0226,147.2712,82.08,81,100,11.34
131,Ahipara,NZ,2021-01-30 23:09:00,-35.1667,173.1667,71.15,47,0,5.19
132,Maiduguri,NG,2021-01-30 23:11:22,11.8464,13.1603,67.51,26,0,7.99
133,Kirakira,SB,2021-01-30 23:02:18,-10.4544,161.9205,83.3,77,100,6.15
134,Noumea,NC,2021-01-30 23:11:00,-22.2763,166.4572,81.0,73,90,17.27
135,Ukiah,US,2021-01-30 23:07:17,39.1502,-123.2078,55.4,44,90,14.97
136,Znamenskoye,RU,2021-01-30 23:11:23,57.1281,73.8282,-0.11,93,100,10.09
137,Lanigan,CA,2021-01-30 23:11:24,51.8501,-105.0344,14.0,85,73,3.44
138,Fortuna,US,2021-01-30 23:01:51,40.5982,-124.1573,55.99,71,75,24.16
139,Kenai,US,2021-01-30 23:02:21,60.5544,-151.2583,24.01,79,20,5.08
140,Port Elizabeth,ZA,2021-01-30 23:01:40,-33.918,25.5701,64.4,94,0,6.91
141,Lavrentiya,RU,2021-01-30 23:07:23,65.5833,-171.0,-17.01,84,0,5.5
142,Huangchuan,CN,2021-01-30 23:11:24,32.1272,115.0394,43.79,68,0,4.61
143,Pevek,RU,2021-01-30 23:01:03,69.7008,170.3133,-32.84,84,2,3.74
144,Katherine,AU,2021-01-30 23:11:25,-14.4667,132.2667,80.6,83,40,6.91
145,Canchungo,GW,2021-01-30 23:11:25,12.0672,-16.0333,77.0,65,0,2.3
146,Bonavista,CA,2021-01-30 23:08:57,48.6499,-53.1147,28.99,93,98,4.61
147,Kuala Terengganu,MY,2021-01-30 23:11:25,5.3302,103.1408,75.2,94,40,1.14
148,Douglas,US,2021-01-30 23:11:25,41.3,-96.167,35.01,100,90,18.41
149,Geraldton,AU,2021-01-30 23:02:03,-28.7667,114.6,84.2,28,0,8.05
150,Toktogul,KG,2021-01-30 23:11:26,41.8708,72.9402,17.01,52,100,1.63
151,Portland,US,2021-01-30 23:03:27,45.5234,-122.6762,50.0,81,90,16.11
152,Bengkulu,ID,2021-01-30 23:01:57,-3.8004,102.2655,75.24,93,98,10.16
153,Bodden Town,KY,2021-01-30 23:11:26,19.2833,-81.25,78.8,69,20,14.97
154,Olinda,BR,2021-01-30 23:08:48,-8.0089,-34.8553,78.8,69,40,9.22
155,Chapais,CA,2021-01-30 23:02:37,49.7834,-74.8492,-2.2,71,90,9.22
156,Kungsbacka,SE,2021-01-30 23:11:26,57.4872,12.0761,26.01,93,0,2.3
157,Baykit,RU,2021-01-30 23:07:10,61.67,96.37,-34.73,76,6,1.54
158,La Palma,US,2021-01-30 23:11:27,33.8464,-118.0467,64.4,67,1,6.91
159,San Ramon,US,2021-01-30 23:06:28,37.7799,-121.978,61.0,47,1,9.22
160,Bosaso,SO,2021-01-30 23:11:27,11.2842,49.1816,72.09,75,21,5.21
161,Pasir Gudang,MY,2021-01-30 23:11:28,1.4584,103.8805,77.0,88,0,9.22
162,Wanaka,NZ,2021-01-30 23:11:28,-44.7,169.15,65.07,41,21,5.23
163,Rio Gallegos,AR,2021-01-30 23:06:43,-51.6226,-69.2181,66.2,32,20,18.41
164,Kutum,SD,2021-01-30 23:01:52,14.2,24.6667,53.26,37,0,4.92
165,Banda Aceh,ID,2021-01-30 23:11:28,5.5577,95.3222,76.17,81,58,13.24
166,Lata,PT,2021-01-30 23:06:41,40.1629,-8.3327,55.99,86,67,3.0
167,Gravdal,NO,2021-01-30 23:11:29,68.1214,13.5031,26.31,87,1,6.33
168,Cidreira,BR,2021-01-30 23:01:54,-30.1811,-50.2056,75.16,91,83,7.25
169,Isla Mujeres,MX,2021-01-30 23:09:00,21.2311,-86.731,78.8,53,40,13.8
170,Black River,JM,2021-01-30 23:11:30,18.0264,-77.8487,78.01,73,40,18.41
171,Tisovec,SK,2021-01-30 23:11:30,48.6774,19.9436,26.01,79,75,3.44
172,Dabat,ET,2021-01-30 23:07:00,12.9842,37.765,49.17,69,0,3.11
173,Saint Anthony,US,2021-01-30 23:07:10,45.0205,-93.218,33.8,64,90,5.75
174,Omboue,GA,2021-01-30 23:06:44,-1.5746,9.2618,75.65,89,100,2.89
175,Melbu,NO,2021-01-30 23:11:30,68.5044,14.8297,15.8,62,0,4.61
176,Ntchisi,MW,2021-01-30 23:11:30,-13.5278,33.9149,61.0,100,100,2.39
177,Kavieng,PG,2021-01-30 22:57:02,-2.5744,150.7967,83.25,73,100,14.32
178,Umm Kaddadah,SD,2021-01-30 23:08:54,13.6017,26.6876,63.43,27,0,14.97
179,Sitka,US,2021-01-30 23:01:57,57.0531,-135.33,42.8,49,75,6.91
180,Bredasdorp,ZA,2021-01-30 23:00:50,-34.5322,20.0403,66.99,85,6,6.35
181,Saldanha,ZA,2021-01-30 23:01:53,-33.0117,17.9442,64.69,91,0,5.06
182,Atar,MR,2021-01-30 23:01:28,20.5169,-13.0499,68.34,21,59,8.25
183,Ilulissat,GL,2021-01-30 23:01:49,69.2167,-51.1,6.8,66,90,6.91
184,Beian,NO,2021-01-30 23:11:32,63.6559,9.5683,32.0,86,40,6.91
185,Camacha,PT,2021-01-30 23:10:40,33.0833,-16.3333,60.8,94,40,5.75
186,Kudahuvadhoo,MV,2021-01-30 23:07:10,2.6708,72.8944,80.85,78,89,14.27
187,Kovdor,RU,2021-01-30 23:11:32,67.5662,30.4758,7.99,95,100,2.06
188,Yar-Sale,RU,2021-01-30 23:01:45,66.8333,70.8333,-19.35,85,100,17.29
189,Gitarama,RW,2021-01-30 23:11:32,-2.0744,29.7567,66.2,82,20,3.44
190,Cam Ranh,VN,2021-01-30 23:11:32,11.9214,109.1591,71.6,73,20,4.61
191,Tura,IN,2021-01-30 23:01:52,25.5198,90.2201,50.31,46,0,3.04
192,Det Udom,TH,2021-01-30 23:11:33,14.906,105.0784,64.63,77,27,3.31
193,Povenets,RU,2021-01-30 23:11:33,62.8487,34.8262,18.14,97,100,5.53
194,Gwanda,ZW,2021-01-30 23:11:33,-20.9333,29.0,69.87,90,100,7.54
195,Mochudi,BW,2021-01-30 23:11:33,-24.4167,26.15,69.8,100,0,3.44
196,Tuatapere,NZ,2021-01-30 23:02:10,-46.1333,167.6833,63.23,50,91,2.01
197,Balingasay,PH,2021-01-30 23:11:34,16.3573,119.8564,73.35,69,100,15.48
198,Nantucket,US,2021-01-30 23:01:48,41.2835,-70.0995,19.4,49,1,10.36
199,Luderitz,NA,2021-01-30 23:02:25,-26.6481,15.1594,66.97,61,0,20.56
200,Sungaipenuh,ID,2021-01-30 23:07:27,-2.0833,101.3833,63.21,94,100,2.73
201,Pisco,PE,2021-01-30 23:02:12,-13.7,-76.2167,73.4,73,0,19.57
202,Kamennogorsk,RU,2021-01-30 23:11:34,60.9545,29.1339,21.99,93,68,3.78
203,Jalu,LY,2021-01-30 23:01:48,29.0331,21.5482,60.46,42,0,10.98
204,Turukhansk,RU,2021-01-30 23:06:41,65.8167,87.9833,-32.35,76,0,5.08
205,Bayonet Point,US,2021-01-30 23:11:34,28.3267,-82.6834,69.01,60,89,5.73
206,Caravelas,BR,2021-01-30 23:02:02,-17.7125,-39.2481,76.89,81,0,7.11
207,Viransehir,TR,2021-01-30 23:11:35,37.2353,39.7631,40.35,83,100,17.05
208,Gunnedah,AU,2021-01-30 23:11:35,-30.9833,150.25,78.8,61,40,5.75
209,Arraial Do Cabo,BR,2021-01-30 22:57:10,-22.9661,-42.0278,77.88,78,47,27.98
210,Hambantota,LK,2021-01-30 23:08:46,6.1241,81.1185,77.36,80,100,13.4
211,Saskylakh,RU,2021-01-30 23:01:42,71.9167,114.0833,-34.65,82,100,10.27
212,Kaspiyskiy,RU,2021-01-30 23:11:36,45.3929,47.3707,33.33,92,98,12.68
213,Nelson Bay,AU,2021-01-30 23:11:36,-32.7167,152.15,75.2,88,90,6.91
214,Gallup,US,2021-01-30 23:11:36,35.5281,-108.7426,39.2,52,1,9.22
215,Hithadhoo,MV,2021-01-30 23:02:15,-0.6,73.0833,81.81,78,75,15.23
216,Belaya Gora,RU,2021-01-30 23:11:36,68.5333,146.4167,-26.81,86,100,2.26
217,Waipawa,NZ,2021-01-30 23:01:44,-41.4122,175.5153,66.99,59,31,4.61
218,Kinkala,CG,2021-01-30 23:11:37,-4.3614,14.7644,71.6,94,94,1.83
219,Cap Malheureux,MU,2021-01-30 23:11:37,-19.9842,57.6142,75.99,87,0,1.99
220,La Ronge,CA,2021-01-30 23:02:02,55.1001,-105.2842,12.2,73,77,3.44
221,Mahajanga,MG,2021-01-30 23:07:26,-15.7167,46.3167,75.2,88,20,6.91
222,San Blas,MX,2021-01-30 23:11:37,21.5167,-105.2667,84.2,28,1,9.22
223,Kalachinsk,RU,2021-01-30 23:11:37,55.0529,74.5751,6.96,95,100,11.72
224,Katsuura,JP,2021-01-30 23:02:05,35.1333,140.3,35.6,60,20,3.44
225,Komsomolskiy,UZ,2021-01-30 23:06:41,40.4272,71.7189,37.4,44,100,6.91
226,Guerrero Negro,MX,2021-01-30 22:59:24,27.9769,-114.0611,63.61,53,61,16.31
227,Kavaratti,IN,2021-01-30 22:59:51,10.5669,72.642,80.64,70,29,7.16
228,Comodoro Rivadavia,AR,2021-01-30 23:02:09,-45.8667,-67.5,62.6,45,20,13.8
229,Deputatskiy,RU,2021-01-30 23:06:48,69.3,139.9,-27.06,88,92,1.07
230,Dicabisagan,PH,2021-01-30 23:01:46,17.0818,122.4157,70.38,81,100,11.48
231,Keffi,NG,2021-01-30 23:11:38,8.8486,7.8736,78.8,38,0,5.75
232,Waingapu,ID,2021-01-30 23:10:58,-9.6567,120.2641,78.35,82,100,14.54
233,Madingou,CG,2021-01-30 23:11:39,-4.1536,13.55,71.6,94,99,0.87
234,Mpongwe,ZM,2021-01-30 23:11:39,-13.5091,28.155,64.71,95,100,1.95
235,Nishihara,JP,2021-01-30 23:08:39,26.1842,127.7558,59.0,58,40,8.05
236,Srivardhan,IN,2021-01-30 23:11:39,18.0333,73.0167,73.22,49,47,5.59
237,Vestmannaeyjar,IS,2021-01-30 23:01:53,63.4427,-20.2734,32.76,91,61,9.98
238,Masyaf,SY,2021-01-30 23:11:40,35.0653,36.3406,60.8,67,75,23.02
239,Drumheller,CA,2021-01-30 23:11:40,51.4617,-112.7101,15.8,67,52,4.61
240,Indiana,US,2021-01-30 23:11:40,40.0003,-86.2503,34.0,93,90,14.97
241,Mukhen,RU,2021-01-30 23:11:40,48.1,136.1,-17.39,85,44,6.15
242,Tochio,JP,2021-01-30 23:11:41,37.4667,139.0,32.0,95,100,5.06
243,Westport,US,2021-01-30 23:08:50,41.1415,-73.3579,27.0,39,1,4.61
244,Polunochnoye,RU,2021-01-30 23:11:41,60.8697,60.4153,-13.04,90,100,3.24
245,San Buenaventura,MX,2021-01-30 23:11:41,27.0833,-101.5333,77.16,35,14,14.09
246,Maceio,BR,2021-01-30 23:07:03,-9.6658,-35.7353,77.0,94,40,4.61
247,Lima,PE,2021-01-30 23:10:00,-12.0432,-77.0282,73.0,73,0,16.11
248,Ust-Nera,RU,2021-01-30 23:11:42,64.5667,143.2,-24.77,76,100,8.01
249,Mildura,AU,2021-01-30 23:06:57,-34.2,142.15,69.01,60,0,10.36
250,Pimenta Bueno,BR,2021-01-30 23:11:42,-11.6725,-61.1936,76.98,89,78,1.48
251,Kasungu,MW,2021-01-30 23:11:42,-13.0333,33.4833,65.82,93,100,2.8
252,Nanortalik,GL,2021-01-30 23:00:44,60.1432,-45.2371,29.91,90,100,9.93
253,Shimsk,RU,2021-01-30 23:11:43,58.212,30.7127,20.46,98,87,5.19
254,Honiara,SB,2021-01-30 23:09:12,-9.4333,159.95,79.54,85,100,5.46
255,Torbay,CA,2021-01-30 23:11:43,47.6666,-52.7314,28.99,93,90,10.36
256,Zonguldak,TR,2021-01-30 23:08:41,41.25,31.8333,39.07,98,100,5.79
257,Kharp,RU,2021-01-30 23:11:43,66.8014,65.8081,-21.55,85,100,6.02
258,Coihaique,CL,2021-01-30 23:02:27,-45.5752,-72.0662,73.4,28,20,10.36
259,Cayenne,GF,2021-01-30 23:00:07,4.9333,-52.3333,80.6,89,90,9.22
260,San Cristobal,VE,2021-01-30 23:01:52,7.7669,-72.225,82.4,61,40,10.36
261,Spanish Town,JM,2021-01-30 23:11:44,17.9911,-76.9574,84.2,61,20,8.05
262,Nukus,UZ,2021-01-30 23:10:06,42.4531,59.6103,32.0,80,0,4.61
263,Sibolga,ID,2021-01-30 23:11:44,1.7427,98.7792,75.31,78,95,4.45
264,Coos Bay,US,2021-01-30 23:11:44,43.3665,-124.2179,51.8,76,90,9.51
265,Longyearbyen,SJ,2021-01-30 23:02:08,78.2186,15.6401,-5.8,59,20,19.57
266,Sao Joao Da Barra,BR,2021-01-30 23:02:22,-21.6403,-41.0511,77.9,81,9,20.89
267,Ternate,ID,2021-01-30 23:11:45,0.8,127.4,79.18,78,100,6.08
268,Isangel,VU,2021-01-30 23:02:04,-19.55,169.2667,82.4,69,40,9.22
269,Juneau,US,2021-01-30 23:10:20,58.3019,-134.4197,32.0,80,90,4.99
270,Ayagoz,KZ,2021-01-30 23:02:04,47.9714,80.4392,15.06,87,69,14.94
271,Gravelbourg,CA,2021-01-30 23:11:45,49.8834,-106.5512,5.0,78,5,3.44
272,Goderich,CA,2021-01-30 23:07:21,43.7501,-81.7165,26.6,68,100,5.75
273,Cabo San Lucas,MX,2021-01-30 23:00:00,22.8909,-109.9124,75.2,57,20,11.5
274,Ust-Kuyga,RU,2021-01-30 23:11:46,70.0167,135.6,-36.42,81,68,3.44
275,Golden Gate,US,2021-01-30 23:08:57,26.1879,-81.6951,72.0,60,75,3.44
276,Bandarbeyla,SO,2021-01-30 23:09:04,9.4942,50.8122,73.54,74,26,14.63
277,Sur,OM,2021-01-30 23:02:24,22.5667,59.5289,66.02,53,0,6.42
278,Salalah,OM,2021-01-30 22:59:11,17.0151,54.0924,68.0,64,0,5.75
279,Iralaya,HN,2021-01-30 23:01:09,15.0,-83.2333,78.62,75,39,9.1
280,Kaunas,LT,2021-01-30 23:07:13,54.9,23.9,24.8,80,75,9.22
281,Tam Ky,VN,2021-01-30 23:11:47,15.5667,108.4833,69.8,94,40,3.44
282,Sarkand,KZ,2021-01-30 23:01:50,45.41,79.9186,28.18,66,59,4.41
283,Tuktoyaktuk,CA,2021-01-30 23:01:54,69.4541,-133.0374,-34.6,67,40,2.3
284,Ambad,IN,2021-01-30 23:07:10,19.6167,75.8,64.6,27,0,8.16
285,New Norfolk,AU,2021-01-30 23:01:56,-42.7826,147.0587,69.01,61,15,1.01
286,Moron,AR,2021-01-30 23:02:25,-34.6534,-58.6198,64.99,89,100,5.01
287,Adwa,ET,2021-01-30 23:11:47,14.1646,38.8955,51.49,67,0,2.53
288,Naze,JP,2021-01-30 23:02:14,28.3667,129.4833,55.4,58,75,9.22
289,Sangar,RU,2021-01-30 23:10:58,63.9242,127.4739,-49.36,76,87,3.27
290,Yagodnoye,RU,2021-01-30 23:11:48,62.55,149.6667,-27.0,82,100,4.61
291,Faanui,PF,2021-01-30 23:02:19,-16.4833,-151.75,81.03,72,74,7.72
292,Manavalakurichi,IN,2021-01-30 23:11:48,8.1333,77.3,80.6,83,20,6.13
293,Thompson,CA,2021-01-30 23:08:49,55.7435,-97.8558,15.8,86,90,3.44
294,Gizo,SB,2021-01-30 23:11:49,-8.103,156.8419,85.28,73,93,20.04
295,Muscat,OM,2021-01-30 23:11:49,23.6139,58.5922,64.4,68,0,2.3
296,Cedar City,US,2021-01-30 23:11:49,37.6775,-113.0619,42.8,36,1,4.34
297,Kensington,AU,2021-01-30 23:11:49,-33.9167,151.2167,73.4,83,90,20.71
298,Lompoc,US,2021-01-30 23:07:04,34.6391,-120.4579,59.0,58,1,3.44
299,Krasnorechenskiy,RU,2021-01-30 23:11:49,44.6265,135.3532,-17.5,84,45,7.4
300,Hobyo,SO,2021-01-30 23:02:33,5.3505,48.5268,74.93,79,22,15.57
301,Borgosesia,IT,2021-01-30 23:11:50,45.7145,8.2799,41.0,92,100,2.66
302,Ponta Do Sol,PT,2021-01-30 23:11:50,32.6667,-17.1,60.01,75,52,1.99
303,San Bartolome De Tirajana,ES,2021-01-30 23:11:50,27.9248,-15.5733,64.4,77,75,24.16
304,Namatanai,PG,2021-01-30 23:00:40,-3.6667,152.4333,83.53,70,100,12.8
305,Pastos Bons,BR,2021-01-30 23:11:50,-6.6017,-44.0767,73.78,88,86,4.05
306,Aykhal,RU,2021-01-30 23:06:51,66.0,111.5,-33.48,80,80,13.06
307,Tual,ID,2021-01-30 23:06:47,-5.6667,132.75,83.75,74,83,13.04
308,Saint-Augustin,CA,2021-01-30 23:07:16,51.226,-58.6502,27.68,93,67,16.82
309,Ostrovnoy,RU,2021-01-30 23:01:54,68.0531,39.5131,14.07,95,100,7.78
310,Sao Felix Do Xingu,BR,2021-01-30 23:07:16,-6.6447,-51.995,73.92,94,100,2.51
311,Kendari,ID,2021-01-30 23:02:31,-3.945,122.4989,75.79,88,100,2.44
312,Karratha,AU,2021-01-30 23:11:51,-20.7377,116.8463,87.3,50,100,5.21
313,Porto Novo,BJ,2021-01-30 23:08:52,6.4965,2.6036,84.2,84,20,10.36
314,Stornoway,GB,2021-01-30 23:11:51,58.2093,-6.3865,37.99,65,90,8.05
315,Shimizu,JP,2021-01-30 23:11:52,43.0061,142.8847,15.8,62,20,3.44
316,Mogok,MM,2021-01-30 23:08:08,22.9167,96.5,51.22,73,0,1.81
317,Gazojak,TM,2021-01-30 23:11:52,41.1875,61.4036,43.27,56,83,8.12
318,Te Anau,NZ,2021-01-30 23:06:41,-45.4167,167.7167,61.27,59,83,4.9
319,Anadyr,RU,2021-01-30 23:02:21,64.75,177.4833,-5.8,65,96,24.61
320,Llanes,ES,2021-01-30 23:11:52,43.4198,-4.7549,55.99,66,100,27.36
321,Tecoanapa,MX,2021-01-30 23:11:52,16.5167,-98.75,82.74,65,100,8.7
322,Oranjemund,NA,2021-01-30 23:02:27,-28.55,16.4333,61.43,88,0,8.79
323,Duki,PK,2021-01-30 23:11:53,30.1541,68.5728,46.44,42,0,0.13
324,Grindavik,IS,2021-01-30 23:02:15,63.8424,-22.4338,21.2,73,0,5.75
325,Ponta Delgada,PT,2021-01-30 23:02:03,37.7333,-25.6667,62.01,100,20,16.11
326,Khatanga,RU,2021-01-30 23:02:06,71.9667,102.5,-46.62,78,29,1.28
327,Maine-Soroa,NE,2021-01-30 23:11:53,13.2114,12.0241,67.44,24,4,9.53
328,Sao Filipe,CV,2021-01-30 23:02:24,14.8961,-24.4956,74.19,60,96,12.24
329,Kristiinankaupunki,FI,2021-01-30 23:11:53,62.2743,21.376,18.86,96,100,11.54
330,Oum Hadjer,TD,2021-01-30 23:11:54,13.2954,19.6966,71.22,22,0,8.97
331,Santa Comba,ES,2021-01-30 23:11:54,43.0331,-8.8093,55.99,77,100,3.0
332,Hashtrud,IR,2021-01-30 23:11:54,37.4779,47.0508,18.63,94,17,10.07
333,Haimen,CN,2021-01-30 23:11:54,23.1935,116.6142,48.2,93,0,7.49
334,Paredon,MX,2021-01-30 23:11:54,16.0333,-93.8667,86.85,49,50,8.28
335,Shingu,JP,2021-01-30 23:02:27,33.7333,135.9833,44.6,76,75,8.05
336,Virginia Beach,US,2021-01-30 23:05:19,36.8529,-75.978,34.0,64,42,2.01
337,Rocha,UY,2021-01-30 23:01:09,-34.4833,-54.3333,68.74,86,98,17.87
338,Louga,RU,2021-01-30 23:11:55,58.7372,29.8453,17.6,97,52,5.41
339,Tautira,PF,2021-01-30 23:00:32,-17.7333,-149.15,86.0,62,75,12.66
340,Saint-Francois,FR,2021-01-30 23:02:11,46.4154,3.9054,44.6,87,0,3.44
341,Burnie,AU,2021-01-30 23:11:55,-41.0667,145.9167,63.0,57,83,5.99
342,Mangrol,IN,2021-01-30 23:09:32,21.1167,70.1167,62.15,32,0,10.6
343,Felanitx,ES,2021-01-30 23:11:55,39.4696,3.1483,57.99,62,20,10.36
344,Alta Floresta,BR,2021-01-30 23:07:21,-9.8756,-56.0861,73.9,95,85,1.79
345,Ambilobe,MG,2021-01-30 23:07:24,-13.2,49.05,73.22,93,2,2.17
346,Tucuman,AR,2021-01-30 23:08:39,-26.8241,-65.2226,71.6,94,90,8.05
347,Kattivakkam,IN,2021-01-30 23:11:56,13.2167,80.3167,73.4,94,20,6.22
348,Hofn,IS,2021-01-30 23:08:26,64.2539,-15.2082,20.14,85,87,20.2
349,Mandsaur,IN,2021-01-30 23:09:19,24.0667,75.0667,52.63,40,0,4.47
350,Kilmallock,IE,2021-01-30 23:11:56,52.4,-8.5772,39.99,87,88,5.99
351,Lucapa,AO,2021-01-30 23:10:59,-8.4192,20.7447,66.49,93,100,1.9
352,Luoyang,CN,2021-01-30 23:11:57,34.6836,112.4536,42.01,99,19,5.59
353,Sestri Levante,IT,2021-01-30 23:11:57,44.2732,9.3968,52.0,99,100,6.96
354,Sept-Iles,CA,2021-01-30 23:07:20,50.2001,-66.3821,19.4,58,20,8.05
355,Plouzane,FR,2021-01-30 23:09:28,48.3833,-4.6167,51.8,100,90,12.66
356,Viedma,AR,2021-01-30 23:07:31,-40.8135,-62.9967,66.0,47,74,15.43
357,Andra,RU,2021-01-30 23:07:26,62.5147,65.8878,-9.45,90,100,8.52
358,Chumikan,RU,2021-01-30 23:01:22,54.7183,135.315,-18.94,80,81,24.07
359,Codrington,AU,2021-01-30 23:02:00,-38.2667,141.9667,61.52,65,93,7.29
360,Bowen,AU,2021-01-30 23:11:58,-20.0167,148.2333,78.8,89,75,12.66
361,Ullal,IN,2021-01-30 23:11:58,12.8,74.85,75.2,83,20,4.74
362,Tezu,IN,2021-01-30 23:11:58,27.9167,96.1667,54.19,47,17,3.62
363,Novyy Urengoy,RU,2021-01-30 23:08:41,66.0833,76.6333,-24.29,85,100,16.44
364,Asfi,MA,2021-01-30 23:11:58,32.2994,-9.2372,59.23,88,57,8.55
365,Naron,ES,2021-01-30 23:11:58,43.5167,-8.1528,55.0,76,40,9.22
366,Dekernes,EG,2021-01-30 23:11:59,31.0876,31.595,57.2,67,0,11.5
367,Esperance,AU,2021-01-30 23:09:16,-33.8667,121.9,57.2,88,0,12.66
368,Kamenka,RU,2021-01-30 23:11:04,51.3223,42.7678,35.01,94,100,14.12
369,Zambezi,ZM,2021-01-30 23:11:59,-13.5432,23.1047,67.06,92,100,4.54
370,West Wendover,US,2021-01-30 23:11:59,40.7391,-114.0733,44.6,36,20,3.44
371,Richards Bay,ZA,2021-01-30 23:06:47,-28.783,32.0377,73.45,92,99,2.8
372,East London,ZA,2021-01-30 23:02:03,-33.0153,27.9116,69.87,83,2,2.01
373,Kismayo,SO,2021-01-30 23:11:59,-0.3582,42.5454,75.65,83,52,14.58
374,Praia,CV,2021-01-30 23:12:00,14.9215,-23.5087,71.6,68,0,17.27
375,Chuy,UY,2021-01-30 23:09:29,-33.6971,-53.4616,73.92,75,58,14.9
376,Innerleithen,GB,2021-01-30 23:12:00,55.6193,-3.063,30.99,10,55,3.4
377,Decatur,US,2021-01-30 23:11:06,39.8403,-88.9548,36.0,93,90,23.02
378,Ketchikan,US,2021-01-30 23:12:00,55.3422,-131.6461,37.4,87,90,3.44
379,Otane,NZ,2021-01-30 23:12:01,-39.8833,176.6333,66.99,56,63,5.53
380,Nome,US,2021-01-30 23:08:34,64.5011,-165.4064,-7.6,64,1,5.75
381,Mackenzie,CA,2021-01-30 23:08:53,55.2999,-123.1698,12.2,67,90,3.44
382,Olga,RU,2021-01-30 23:12:01,43.7444,135.2892,-4.02,82,0,10.2
383,Sorland,NO,2021-01-30 23:01:16,67.667,12.6934,31.28,91,56,9.35
384,Sosnytsya,UA,2021-01-30 23:12:01,51.5239,32.4999,25.86,99,100,4.16
385,Rawah,IQ,2021-01-30 23:12:01,34.4816,41.9093,48.63,58,36,10.87
386,Paamiut,GL,2021-01-30 23:02:30,61.994,-49.6678,25.7,89,21,14.74
387,Mehamn,NO,2021-01-30 23:08:36,71.0357,27.8492,25.29,96,100,22.28
388,Hope,US,2021-01-30 23:07:53,33.6671,-93.5916,61.0,70,82,4.0
389,Bardiyah,LY,2021-01-30 23:12:03,31.7561,25.0865,60.57,64,0,14.41
390,Chitral,PK,2021-01-30 23:07:59,35.8462,71.7858,32.95,56,0,6.4
391,Redmond,US,2021-01-30 23:12:03,47.674,-122.1215,48.0,80,100,6.29
392,Biak,ID,2021-01-30 23:02:36,-0.9131,122.8766,77.49,71,100,3.78
393,Gurupi,BR,2021-01-30 23:12:03,-11.7292,-49.0686,77.22,75,70,2.44
394,Gouyave,GD,2021-01-30 23:08:57,12.1646,-61.7296,80.6,74,20,11.5
395,Yeppoon,AU,2021-01-30 23:07:18,-23.1333,150.7333,80.6,61,40,11.5
396,Mitsamiouli,KM,2021-01-30 23:10:34,-11.3847,43.2844,81.79,77,100,10.13
397,Rairangpur,IN,2021-01-30 23:12:04,22.2676,86.1751,49.66,46,0,1.48
398,Kaili,ID,2021-01-30 23:12:04,-3.4626,120.2147,67.06,92,100,1.3
399,Grand Gaube,MU,2021-01-30 23:08:52,-20.0064,57.6608,75.99,87,1,1.99
400,Kruisfontein,ZA,2021-01-30 23:02:07,-34.0033,24.7314,61.0,87,1,1.01
401,Coahuayana,MX,2021-01-30 23:08:36,18.7333,-103.6833,80.6,61,20,6.91
402,Darab,IR,2021-01-30 23:12:05,28.7519,54.5444,52.07,51,4,6.08
403,Alice Springs,AU,2021-01-30 23:02:16,-23.7,133.8833,84.2,26,38,18.41
404,Mudgee,AU,2021-01-30 23:12:05,-32.5943,149.5871,78.8,61,40,5.75
405,Am Timan,TD,2021-01-30 23:09:24,11.0297,20.2827,73.08,21,0,6.26
406,Mujiayingzi,CN,2021-01-30 23:12:05,42.1167,118.7833,13.1,90,54,7.27
407,Lisakovsk,KZ,2021-01-30 23:12:05,52.5369,62.4936,7.92,95,1,3.74
408,Poum,NC,2021-01-30 23:10:20,-20.2333,164.0167,79.68,67,62,11.65
409,Iqaluit,CA,2021-01-30 23:10:09,63.7506,-68.5145,-7.01,71,1,17.27
410,Buraydah,SA,2021-01-30 23:09:16,26.326,43.975,51.8,66,0,8.05
411,Lusaka,ZM,2021-01-30 23:10:05,-15.4067,28.2871,65.12,94,100,3.76
412,Hervey Bay,AU,2021-01-30 23:12:07,-25.2986,152.8535,82.0,67,36,11.01
413,Hurricane,US,2021-01-30 23:12:07,37.1753,-113.2899,52.0,49,1,2.1
414,Bathsheba,BB,2021-01-30 23:02:19,13.2167,-59.5167,80.6,65,40,13.8
415,Kouango,CF,2021-01-30 23:11:18,4.9934,19.9619,75.0,30,49,3.24
416,Hirara,JP,2021-01-30 23:02:26,24.8,125.2833,62.6,72,40,10.36
417,Zhigansk,RU,2021-01-30 23:02:32,66.7697,123.3711,-49.52,76,67,0.72
418,Soyo,AO,2021-01-30 23:02:09,-6.1349,12.3689,79.9,84,100,9.84
419,Puerto Escondido,MX,2021-01-30 23:12:08,15.85,-97.0667,84.2,70,40,6.91
420,Palu,ID,2021-01-30 23:09:35,-0.8917,119.8707,75.52,70,100,2.24
421,Ndele,CF,2021-01-30 23:12:08,8.4109,20.6473,76.51,19,42,8.23
422,Mangaratiba,BR,2021-01-30 23:12:09,-22.9597,-44.0406,82.4,69,0,11.5
423,Wiang Sa,TH,2021-01-30 23:12:09,8.6359,99.3666,71.6,100,20,4.61
424,Puerto Quijarro,BO,2021-01-30 23:12:09,-17.7833,-57.7667,84.16,56,48,4.29
425,Launceston,AU,2021-01-30 23:12:09,-41.45,147.1667,60.01,58,90,11.5
426,Voyinka,UA,2021-01-30 23:12:09,45.8699,33.9914,42.1,89,100,0.98
427,Kropotkin,RU,2021-01-30 23:12:09,45.4375,40.5756,36.41,85,43,9.84
428,Kyenjojo,UG,2021-01-30 23:12:10,0.6328,30.6214,63.59,78,100,1.86
429,Victoria,HK,2021-01-30 22:59:47,22.2855,114.1577,62.01,65,11,1.01
430,Cockburn Town,TC,2021-01-30 23:01:18,21.4612,-71.1419,73.4,60,20,11.5
431,Diego De Almagro,CL,2021-01-30 23:12:10,-26.3667,-70.05,74.5,25,0,8.66
432,Belyy,RU,2021-01-30 23:12:11,55.8402,32.9419,18.18,97,100,6.13
433,Pocone,BR,2021-01-30 23:12:11,-16.2567,-56.6228,82.02,64,49,2.37
434,Chandler,US,2021-01-30 23:10:12,33.3062,-111.8412,64.0,39,1,4.61
435,Salinopolis,BR,2021-01-30 23:09:01,-0.6136,-47.3561,79.18,86,100,10.98
436,Half Moon Bay,US,2021-01-30 23:07:25,37.4636,-122.4286,59.0,76,90,8.05
437,Harper,LR,2021-01-30 23:03:18,4.375,-7.7169,78.42,87,34,6.89
438,Kangaatsiaq,GL,2021-01-30 23:09:20,68.3065,-53.4641,10.44,94,97,3.67
439,Batagay-Alyta,RU,2021-01-30 23:12:13,67.8006,130.4114,-36.83,80,94,2.08
440,Shumikha,RU,2021-01-30 23:12:13,55.2261,63.2961,8.64,96,97,5.57
441,Sinop,TR,2021-01-30 23:12:13,41.7711,34.8709,38.75,76,100,10.0
442,Balyaga,RU,2021-01-30 23:12:13,51.1507,108.921,-4.99,85,100,7.2
443,Kysyl-Syr,RU,2021-01-30 23:06:44,63.8986,122.7617,-52.94,75,50,2.59
444,Carutapera,BR,2021-01-30 23:09:10,-1.195,-46.02,79.11,80,64,7.56
445,Port Augusta,AU,2021-01-30 22:59:41,-32.5,137.7667,66.2,68,100,12.66
446,Ambovombe,MG,2021-01-30 23:12:14,-25.1667,46.0833,79.48,72,28,8.41
447,Berlevag,NO,2021-01-30 23:02:35,70.8578,29.0864,24.85,96,100,21.05
448,Yanam,IN,2021-01-30 23:12:14,16.7333,82.2167,68.05,95,100,1.99
449,Lasa,IT,2021-01-30 23:07:03,46.6166,10.7002,39.99,100,90,2.66
450,Wewak,PG,2021-01-30 23:09:10,-3.5534,143.6268,82.49,79,95,10.45
451,Sharlyk,RU,2021-01-30 23:12:15,52.9167,54.75,17.02,96,72,6.17
452,Aklavik,CA,2021-01-30 23:07:23,68.2191,-135.0107,-18.4,76,75,2.3
453,Port-Gentil,GA,2021-01-30 23:09:08,-0.7193,8.7815,78.8,83,75,12.66
454,Ostersund,SE,2021-01-30 23:12:15,63.1792,14.6357,3.2,85,90,1.3
455,Benghazi,LY,2021-01-30 23:12:16,32.1167,20.0667,62.15,83,0,8.5
456,Gao,ML,2021-01-30 23:09:21,16.6362,1.637,68.36,21,0,10.58
457,Constitucion,CL,2021-01-30 23:12:17,-35.3333,-72.4167,63.61,86,46,8.3
458,Along,IN,2021-01-30 23:08:03,28.1667,94.7667,45.23,78,2,2.44
459,Ascension,US,2021-01-30 23:07:44,30.2169,-90.9001,71.6,60,90,17.27
460,Abalak,RU,2021-01-30 23:10:18,58.1286,68.5944,13.64,96,100,10.22
461,Quatre Cocos,MU,2021-01-30 23:07:19,-20.2078,57.7625,78.8,89,40,11.63
462,Najran,SA,2021-01-30 23:06:56,17.4924,44.1277,64.4,25,0,2.42
463,Faya,SA,2021-01-30 23:02:37,18.3851,42.4509,55.4,62,0,4.16
464,Mao,ES,2021-01-30 23:09:10,39.8885,4.2658,50.0,87,20,8.05
465,Talnakh,RU,2021-01-30 23:06:59,69.4865,88.3972,-31.13,70,0,6.46
466,Penzance,GB,2021-01-30 23:12:18,50.1186,-5.5371,45.0,93,90,16.11
467,Laguna,US,2021-01-30 23:07:23,38.421,-121.4238,61.0,47,75,8.05
468,Vytegra,RU,2021-01-30 23:12:19,61.0064,36.4481,17.17,96,48,6.35
469,Maua,BR,2021-01-30 23:01:56,-23.6678,-46.4614,78.8,65,0,12.66
470,Madang,PG,2021-01-30 23:12:19,-5.2246,145.7966,80.53,85,99,6.71
471,Shaowu,CN,2021-01-30 23:12:19,27.3409,117.4831,47.95,66,79,1.9
472,Sambava,MG,2021-01-30 23:08:40,-14.2667,50.1667,76.1,87,33,6.06
473,Ewa Beach,US,2021-01-30 23:12:20,21.3156,-158.0072,80.6,53,75,5.75
474,Knysna,ZA,2021-01-30 23:12:20,-34.0363,23.0471,64.4,82,75,3.44
475,Riyadh,SA,2021-01-30 23:07:47,24.6877,46.7219,51.8,46,0,5.75
476,Buin,CL,2021-01-30 23:12:20,-33.7333,-70.75,73.0,100,90,5.41
477,Samarai,PG,2021-01-30 23:06:55,-10.6167,150.6667,84.43,73,99,18.48
478,Adrar,MR,2021-01-30 23:12:21,20.5022,-10.0711,67.73,23,48,7.99
479,Libourne,FR,2021-01-30 23:12:21,44.9167,-0.25,51.8,93,90,26.46
480,Liberty,US,2021-01-30 23:12:21,31.8335,-81.5004,53.6,66,20,5.75
481,Lixourion,GR,2021-01-30 23:12:22,38.2019,20.4314,54.7,70,70,7.56
482,Tartagal,AR,2021-01-30 23:10:29,-22.5164,-63.8013,86.2,53,5,3.29
483,Heihe,CN,2021-01-30 23:12:22,50.2441,127.4902,-34.6,74,0,3.85
484,Kos,GR,2021-01-30 23:12:22,36.8933,27.2889,55.4,71,20,8.05
485,Sakakah,SA,2021-01-30 23:09:11,29.9697,40.2064,42.8,52,0,6.91
486,Sioux Lookout,CA,2021-01-30 23:12:23,50.1001,-91.917,23.0,86,90,5.75
487,Changji,CN,2021-01-30 23:12:23,44.0167,87.3167,1.4,85,90,1.19
488,Humaita,BR,2021-01-30 23:12:23,-7.5061,-63.0208,77.22,95,93,2.93
489,Tombouctou,ML,2021-01-30 23:12:24,20.0,-3.0,68.67,20,43,9.4
490,Siirt,TR,2021-01-30 23:12:24,37.9326,41.9403,33.87,86,62,5.86
491,Dawlatabad,AF,2021-01-30 23:12:24,36.4141,64.9053,53.2,43,100,1.72
492,Bethel,US,2021-01-30 23:12:24,41.3712,-73.414,23.0,45,1,4.94
493,Birakan,RU,2021-01-30 23:12:24,49.0167,131.7,-27.47,83,0,3.89
494,Abu Dhabi,AE,2021-01-30 23:07:16,24.4667,54.3667,68.0,56,0,12.37
495,Erzin,TR,2021-01-30 23:12:25,36.9559,36.2,52.0,97,100,34.0
496,Zeitz,DE,2021-01-30 23:12:25,51.05,12.15,30.0,71,100,6.64
497,Esterhazy,CA,2021-01-30 23:12:25,50.65,-102.0843,19.4,86,96,8.05
498,Ayan,RU,2021-01-30 23:12:25,56.45,138.1667,-7.6,86,100,6.29
499,Mayna,RU,2021-01-30 23:12:25,54.1135,47.6231,21.36,97,98,8.08
500,Bereznik,RU,2021-01-30 23:12:26,62.8551,42.7072,20.35,98,95,5.55
501,Vikhorevka,RU,2021-01-30 23:07:13,56.1201,101.1636,-40.0,74,16,6.71
502,Benguela,AO,2021-01-30 23:05:06,-12.5763,13.4055,77.05,77,90,5.1
503,Udon Thani,TH,2021-01-30 23:12:26,17.3333,102.8333,68.0,68,7,3.69
504,Hami,CN,2021-01-30 23:07:24,42.8,93.45,20.32,84,0,2.51
505,Tucuma,BR,2021-01-30 23:09:50,-0.1833,-50.05,76.78,91,99,7.29
506,Necochea,AR,2021-01-30 23:08:34,-38.5473,-58.7368,62.01,60,100,14.0
507,Nouadhibou,MR,2021-01-30 23:08:57,20.931,-17.0347,68.0,58,40,17.92
508,Byron Bay,AU,2021-01-30 23:05:02,-28.65,153.6167,77.0,88,75,3.44
509,Udachnyy,RU,2021-01-30 23:12:27,66.4167,112.4,-31.16,80,98,9.55
510,Kahului,US,2021-01-30 23:12:27,20.8947,-156.47,78.8,57,40,18.41
511,Huarmey,PE,2021-01-30 23:12:27,-10.0681,-78.1522,73.78,70,66,10.63
512,Gorgan,IR,2021-01-30 23:12:27,36.8387,54.4348,50.0,93,90,4.61
513,Effingham,US,2021-01-30 23:12:28,32.3669,-81.3332,51.8,66,75,11.5
514,Kurilsk,RU,2021-01-30 23:12:28,45.2333,147.8833,19.71,95,100,18.88
515,Aswan,EG,2021-01-30 23:12:28,24.0934,32.907,54.46,40,0,8.55
516,Iskateley,RU,2021-01-30 23:07:34,67.6803,53.1512,2.97,93,100,11.86
517,Shitkino,RU,2021-01-30 23:12:28,56.3703,98.3543,-41.49,79,32,2.13
518,Carbonia,IT,2021-01-30 23:12:28,39.1672,8.5222,57.99,82,20,12.66
519,Bara,NG,2021-01-30 23:12:28,10.3744,10.7288,70.97,23,0,7.63
520,Ibaiti,BR,2021-01-30 23:07:57,-23.8486,-50.1878,71.01,99,100,1.01
521,Bahia Honda,CU,2021-01-30 23:08:21,22.9036,-83.1592,71.2,68,60,7.07
522,Bambanglipuro,ID,2021-01-30 23:02:30,-7.95,110.2833,75.25,86,100,3.29
523,Taltal,CL,2021-01-30 23:07:18,-25.4,-70.4833,69.58,66,22,5.3
524,Vao,NC,2021-01-30 23:09:07,-22.6667,167.4833,75.43,80,80,24.9
525,Chulman,RU,2021-01-30 23:12:29,56.8479,124.9104,-36.54,80,100,0.43
526,Hamilton,US,2021-01-30 23:11:57,39.1834,-84.5333,36.0,51,90,3.44
527,Boshnyakovo,RU,2021-01-30 23:12:30,49.6333,142.1667,-2.54,92,100,10.65
528,Coruripe,BR,2021-01-30 23:12:30,-10.1256,-36.1756,78.39,81,81,10.47
529,Pervomayskiy,RU,2021-01-30 23:12:30,53.2485,40.2871,25.0,86,100,15.75
530,Wairoa,NZ,2021-01-30 23:12:30,-39.0333,177.3667,62.01,71,80,1.99
